{
	"__comment": "SHULK1337",
	"textures": {
		"texture": "items/totem"
	},
	"elements": [ 	 
		{
			"__comment": "Box1",
			"from": [ 4.5, 7, 4.5 ],
			"to": [ 11.5, 14, 11.5 ],
			"faces": {
				"down": { "uv": [ 4, 0, 6, 2 ], "texture": "#texture" },
				"up": { "uv": [ 2, 2, 4, 0 ], "texture": "#texture" },
				"north": { "uv": [ 2, 2, 4, 4 ], "texture": "#texture" },
				"south": { "uv": [ 6, 2, 8, 4 ], "texture": "#texture" },
				"west": { "uv": [ 4, 2, 6, 4 ], "texture": "#texture" },
				"east": { "uv": [ 0, 2, 2, 4 ], "texture": "#texture" }
			}
		},
		{
			"__comment": "Box2",
			"from": [ 5.5, 2.5, 6.5 ],
			"to": [ 10.5, 7, 9.5 ],
			"faces": {
				"down": { "uv": [ 7, 4, 9, 5 ], "texture": "#texture" },
				"up": { "uv": [ 5.5, 6.5, 10.5, 9.5 ], "texture": "#texture" },
				"north": { "uv": [ 5, 5, 7, 8 ], "texture": "#texture" },
				"south": { "uv": [ 8, 5, 10, 8 ], "texture": "#texture" },
				"west": { "uv": [ 7, 5, 8, 8 ], "texture": "#texture" },
				"east": { "uv": [ 4, 5, 5, 8 ], "texture": "#texture" }
			}
		},
		{
			"__comment": "Box3",
			"from": [ 5.75, 0, 7.25 ],
			"to": [ 7.25, 2.5, 8.75 ],
			"faces": {
				"down": { "uv": [ 3, 5, 2, 4 ], "texture": "#texture" },
				"up": { "uv": [ 1, 4, 2, 5 ], "texture": "#texture" },
				"north": { "uv": [ 2, 5, 1, 8 ], "texture": "#texture" },
				"south": { "uv": [ 3, 5, 4, 8 ], "texture": "#texture" },
				"west": { "uv": [ 0, 8, 1, 5 ], "texture": "#texture", "rotation": 180 },
				"east": { "uv": [ 2, 8, 3, 5 ], "texture": "#texture", "rotation": 180 }
			}
		},
		{
			"__comment": "Box5",
			"from": [ 3.38, 3.87, 7.125 ],
			"to": [ 4.88, 6.87, 8.625 ],
			"rotation": { "origin": [ 3.38, 3.87, 7.125 ], "axis": "z", "angle": -45 },
			"faces": {
				"down": { "uv": [ 12, 4, 13, 5 ], "texture": "#texture" },
				"up": { "uv": [ 11, 4, 12, 5 ], "texture": "#texture" },
				"north": { "uv": [ 11, 5, 12, 8 ], "texture": "#texture" },
				"south": { "uv": [ 12, 5, 13, 8 ], "texture": "#texture" },
				"west": { "uv": [ 10, 5, 11, 8 ], "texture": "#texture" },
				"east": { "uv": [ 13, 5, 14, 8 ], "texture": "#texture" }
			}
		},
		{
			"__comment": "Box5",
			"from": [ 11.555, 2.815, 7.25 ],
			"to": [ 13.055, 5.815, 8.75 ],
			"rotation": { "origin": [ 11.555, 2.815, 7.25 ], "axis": "z", "angle": 45 },
			"faces": {
				"down": { "uv": [ 10, 12, 11, 13 ], "texture": "#texture" },
				"up": { "uv": [ 9, 12, 10, 13 ], "texture": "#texture" },
				"north": { "uv": [ 9, 13, 10, 16 ], "texture": "#texture" },
				"south": { "uv": [ 8, 13, 9, 16 ], "texture": "#texture" },
				"west": { "uv": [ 11, 13, 12, 16 ], "texture": "#texture" },
				"east": { "uv": [ 10, 13, 11, 16 ], "texture": "#texture" }
			}
		},
		{
			"__comment": "Box1",
			"from": [ 4.4, 6.9, 4.4 ],
			"to": [ 11.6, 14.1, 11.6 ],
			"faces": {
				"down": { "uv": [ 14, 0, 12, 2 ], "texture": "#texture" },
				"up": { "uv": [ 10, 0, 12.1, 2 ], "texture": "#texture" },
				"north": { "uv": [ 9.999999, 2, 12.1, 4 ], "texture": "#texture" },
				"south": { "uv": [ 14, 2, 16, 4 ], "texture": "#texture" },
				"west": { "uv": [ 12, 2, 14, 4 ], "texture": "#texture" },
				"east": { "uv": [ 8, 2, 10, 4 ], "texture": "#texture" }
			}
		},
		{
			"__comment": "Box3",
			"from": [ 8.875, 0, 7.2499 ],
			"to": [ 10.375, 2.5, 8.7499 ],
			"faces": {
				"down": { "uv": [ 7, 13, 6, 12 ], "texture": "#texture" },
				"up": { "uv": [ 5, 12, 6, 13 ], "texture": "#texture" },
				"north": { "uv": [ 6, 13, 5, 16 ], "texture": "#texture" },
				"south": { "uv": [ 7, 13, 8, 16 ], "texture": "#texture" },
				"west": { "uv": [ 4, 16, 5, 13 ], "texture": "#texture", "rotation": 180 },
				"east": { "uv": [ 6, 16, 7, 13 ], "texture": "#texture", "rotation": 180 }
			}
		},
		{
			"__comment": "Box2",
			"from": [ 5.4, 2.4, 6.4 ],
			"to": [ 10.6, 7.099998, 9.599998 ],
			"faces": {
				"down": { "uv": [ 7, 8, 9, 9 ], "texture": "#texture" },
				"up": { "uv": [ 5, 8, 7, 9 ], "texture": "#texture" },
				"north": { "uv": [ 5, 9, 7, 12 ], "texture": "#texture" },
				"south": { "uv": [ 8, 9, 10, 12 ], "texture": "#texture" },
				"west": { "uv": [ 7, 9, 8, 12 ], "texture": "#texture" },
				"east": { "uv": [ 4, 9, 5, 12 ], "texture": "#texture" }
			}
		},
		{
			"__comment": "Box3",
			"from": [ 5.65, -0.09999999, 7.15 ],
			"to": [ 7.35, 2.6, 8.849998 ],
			"faces": {
				"down": { "uv": [ 3, 9, 2, 8 ], "texture": "#texture" },
				"up": { "uv": [ 1, 8, 2, 9 ], "texture": "#texture" },
				"north": { "uv": [ 2, 9, 1, 12 ], "texture": "#texture" },
				"south": { "uv": [ 3, 9, 4, 12 ], "texture": "#texture" },
				"west": { "uv": [ 0, 12, 1, 9 ], "texture": "#texture", "rotation": 180 },
				"east": { "uv": [ 2, 12, 3, 9 ], "texture": "#texture", "rotation": 180 }
			}
		},
		{
			"__comment": "Box3",
			"from": [ 8.775, -0.09999999, 7.1499 ],
			"to": [ 10.475, 2.6, 8.8499 ],
			"faces": {
				"down": { "uv": [ 3, 13, 2, 12 ], "texture": "#texture" },
				"up": { "uv": [ 1, 12, 2, 13 ], "texture": "#texture" },
				"north": { "uv": [ 2, 13, 1, 16 ], "texture": "#texture" },
				"south": { "uv": [ 3, 13, 4, 16 ], "texture": "#texture" },
				"west": { "uv": [ 0, 16, 1, 13 ], "texture": "#texture", "rotation": 180 },
				"east": { "uv": [ 2, 16, 3, 13 ], "texture": "#texture", "rotation": 180 }
			}
		},
		{
			"__comment": "Box5",
			"from": [ 3.28, 3.87, 7.025 ],
			"to": [ 4.98, 7.07, 8.724998 ],
			"rotation": { "origin": [ 3.28, 3.87, 7.025 ], "axis": "z", "angle": -45 },
			"faces": {
				"down": { "uv": [ 12, 8, 13, 9 ], "texture": "#texture" },
				"up": { "uv": [ 11, 8, 12, 9 ], "texture": "#texture" },
				"north": { "uv": [ 13, 9, 14, 12 ], "texture": "#texture" },
				"south": { "uv": [ 11, 9, 12, 12 ], "texture": "#texture" },
				"west": { "uv": [ 10, 9, 11, 12 ], "texture": "#texture" },
				"east": { "uv": [ 12, 9, 13, 12 ], "texture": "#texture" }
			}
		},
		{
			"__comment": "Box5",
			"from": [ 11.505, 2.665, 7.16 ],
			"to": [ 13.205, 5.865, 8.86 ],
			"rotation": { "origin": [ 11.505, 2.665, 7.16 ], "axis": "z", "angle": 45 },
			"faces": {
				"down": { "uv": [ 14, 12, 15, 13 ], "texture": "#texture" },
				"up": { "uv": [ 14.5, 12, 13.5, 13 ], "texture": "#texture" },
				"north": { "uv": [ 15, 13, 16, 16 ], "texture": "#texture" },
				"south": { "uv": [ 13, 13, 14, 16 ], "texture": "#texture" },
				"west": { "uv": [ 12, 13, 13, 16 ], "texture": "#texture" },
				"east": { "uv": [ 14, 13, 15, 16 ], "texture": "#texture" }
			}
		}
	],
    "gui_light": "front",
	"display": {
		"thirdperson_righthand": {
			"rotation":  [ 75, 51, -23 ],
			"translation":  [ 1.5, 1, 2 ],
			"scale":  [ 0.5, 0.5, 0.5 ]
		},
		"thirdperson_lefthand": {
			"rotation":  [ 75, 51, -23 ],
			"translation":  [ 1.5, 1, 2 ],
			"scale":  [ 0.5, 0.5, 0.5 ]
		},
		"firstperson_righthand": {
			"rotation":  [ 0, 135, -15 ],
			"translation":  [ 1, 3.5, -1 ],
			"scale":  [ 0.55, 0.55, 0.55 ]
		},
		"firstperson_lefthand": {
			"rotation":  [ 0, 135, -15 ],
			"translation":  [ 1, 3.5, -1 ],
			"scale":  [ 0.55, 0.55, 0.55 ]
		},
		"gui": {
			"rotation":  [ 0, 180, 0 ],
			"translation":  [ 0, 0.5, 0 ]
		},
		"ground": {
			"translation":  [ 0, 2, 0 ],
			"scale":  [ 0.5, 0.5, 0.5 ]
		}
	}
}